class,before,after,keep_ratio
1,1508,1508,1.000000
2,1502,1502,1.000000
3,1396,1395,0.999284
4,1311,1275,0.972540
5,1502,1479,0.984687
6,1425,1386,0.972632
7,114,102,0.894737
8,93,77,0.827957
9,129,117,0.906977
10,128,107,0.835938
11,174,157,0.902299
12,157,149,0.949045
